country;sto;prices;1999;2000;2001;2002;2003;2004;2005;2006;2007;2008;2009;2010;2011;2012;2013;2014;2015;2016;2017;2018;2019;2020;2021
AL;B1G;Y;387629.8437;419587.1799;482037.5652;525205.6846;567890.4952;631036.9013;681326.7424;744743.471;799493.3076;892993.8284;971613.123;1026912.073;1111672.19;1142825.902;1167773.778;1202801.014;1245545.132;1299919.664;1340650.932;1410119.231;1465549.089;1432665.026;1565158.28
AL;B1G;V;396081.8734;442126.723;503693.0398;542777.5498;596038.2246;647538.5483;703494.2442;755264.8339;841299.3201;936917.3463;989796.2727;1077484.546;1131120.799;1154746.558;1177698.413;1217843.175;1259726.07;1291203.203;1354490.24;1431557.911;1478999.177;1441236.981;1647949.111
AL;B1GQ;Y;434458.1087;474406.9388;542764.8872;589010.0531;644246.2437;715113.3997;778421.8771;851629.618;924952.9797;1037943.209;1116924.812;1186341.001;1271198.938;1319056.966;1346165.583;1374009.145;1426262.982;1481853.66;1528465.699;1612971.325;1670899.804;1632997.653;1784078.689
AL;B1GQ;V;443593.6444;501198.993;563448.8123;610494.2748;677737.5246;737655.5483;804163.2102;872735.0989;965527.7601;1080675.931;1143936.458;1239644.585;1300624.08;1332810.989;1350052.636;1395304.632;1434306.511;1472479.127;1550645.486;1636731.322;1691903.43;1644077.27;1889839.12
AL;D21X31;Y;46828.26497;54819.75894;60727.32197;63804.36843;76355.74852;84076.49837;97095.13467;106886.1469;125459.6721;144949.3804;145311.6889;159428.9279;159526.7473;176231.0641;178391.8053;171208.1316;180717.8505;181933.996;187814.7662;202852.0939;205350.7158;200332.6275;218920.4089
AL;D21X31;V;47511.771;59072.27;59755.77248;67716.725;81699.3;90117;100668.966;117470.265;124228.4401;143758.5849;154140.1849;162160.0385;169503.281;178064.4316;172354.2228;177461.4571;174580.4411;181275.9239;196155.2459;205173.4111;212904.2525;202840.2893;241890.0093
AT;B1G;Y;180748.64;188179.2;193284.93;200219.54;204606.72;213302.67;221149.45;234396.66;248314.83;257745.54;251416.97;261588.34;272240.29;277865.8;283953.42;290592.29;299742.44;313032.69;326338.41;338045.8;349331.83;331975.96;355602.17
AT;B1G;V;181186.53;190624.81;197076.6;202353.36;207247.67;216098.33;225888.12;239076.01;253604.66;262414.78;256670.97;263633.49;276404;283548.23;288624.22;297230.17;307037.68;318952.72;329416.81;344266.93;354934.88;341994.21;363340.88
AT;B1GQ;Y;203329.35;210732.02;216313.23;224167.17;228869.87;238204.18;247786.71;262850.88;277807.39;288125.25;282703.01;293335.66;304545.1;312238.91;318734.32;326052.13;336525.84;351118.25;365684.78;378320.33;391120.19;371536.34;398406.02
AT;B1GQ;V;203850.58;213606.48;220525.08;226735.22;231862.46;242348.26;254075.03;267824.45;283977.97;293761.91;288044.02;295896.64;310128.66;318653.04;323910.2;333146.07;344269.23;357607.95;369361.87;385274.09;397169.54;381042.48;406148.67
AT;D21X31;Y;22580.71;22552.82;23028.3;23947.63;24263.15;24901.51;26637.27;28454.22;29492.56;30379.72;31286.04;31747.33;32304.81;34373.11;34780.9;35459.85;36783.4;38085.56;39346.37;40274.53;41788.36;39560.38;42803.85
AT;D21X31;V;22664.05;22981.67;23448.48;24381.86;24614.79;26249.92;28186.91;28748.44;30373.31;31347.13;31373.06;32263.15;33724.66;35104.82;35285.98;35915.9;37231.55;38655.22;39945.06;41007.16;42234.66;39048.27;42807.79
BA;B1G;Y;NA;NA;10282.60722;11276.431;12157.52795;13151.97567;14077.03711;15773.72297;17387.89067;19536.27205;20918.02489;21389.09512;21722.64595;22059.19607;22704.16191;23114.66826;23947.31332;25079.12211;26266.77266;27764.1179;29373.48399;29302.33724;31360.92756
BA;B1G;V;NA;10033.89909;10728.12222;11687.52979;12329.66204;13506.3175;14891.25843;16382.51377;18493.17207;21451.54894;21233.57947;21499.18926;22235.12168;22170.52282;22848.22001;23225.0531;24312.14802;25427.56288;26760.97883;28542.08739;30106.54517;29612.89247;32208.33386
BA;B1GQ;Y;NA;NA;12106.0281;13315.56114;14523.10487;15659.59184;16621.6241;18605.92932;21232.39099;23774.8807;24752.61322;25013.1933;25608.33207;26015.68376;26838.90628;27087.74108;28203.86463;29489.55354;30852.86167;32549.7313;34390.87978;34194.77549;36687.82829
BA;B1GQ;V;NA;11819.60209;12678.17322;13982.38679;14728.00604;15998.1475;17650.3369;20057.21508;22547.85803;25519.32838;24798.51949;25364.95326;26231.26228;26222.70971;26778.75501;27358.71049;28589.05202;29904.45991;31376.23633;33444.07748;35295.75204;34254.95902;37324.39256
BA;D21X31;Y;NA;NA;2027.284878;2261.66214;2631.032922;2861.323167;2941.134985;3335.722401;4403.087843;4932.530489;4595.158023;4307.334642;4596.501473;4705.110407;4858.381299;4690.121767;4986.044503;5179.305242;5392.885348;5624.94327;5891.136408;5740.667;6159.204209
BA;D21X31;V;NA;1952.787;2132.367;2516.034;2677.931;2814.456;3167.10347;4143.290319;4681.555962;4750.724444;4240.772021;4540.688;4731.547599;4759.959886;4631.499;4831.645;5006.77;5240.428033;5405.767925;5715.686094;6003.057865;5435.492;5922.542106
BE;B1G;Y;215037.9;223929.8;232101.4;240670.9;247285.4;259854.7;271323.7;283611.6;300838.8;309004.8;307637.2;318438.8;330783.6;338760.4;346493.1;356871.9;368562.8;376817.6;390035.5;404182.4;419756.6;406166.7;436281.3
BE;B1G;V;216177.4;228625.4;236804.2;244560.7;251865.8;264845.4;276828.7;290022.6;306588.9;313984;309511.7;324347;336110.2;345068.6;350968.6;360582.4;373301.6;384032.7;397034.3;410200.8;427315.1;412663.2;447378
BE;B1GQ;Y;240865.3;251313.4;259195.6;268846.7;276092.2;291242.3;303711.5;317950.7;337107.2;345154.5;344635.3;356396.8;369293.4;378747;387948.6;399081.7;411195.3;421979.7;437051.1;453029.3;470359.9;452982.9;488031.4
BE;B1GQ;V;242307.6;256376.4;264334.9;273255.9;281200.2;296819.7;310037.6;325151.5;343618.9;351743.1;346472.8;363140.1;375967.8;386174.7;392880;403003.3;416701.4;430085.3;445050.1;460050.8;478645;459826.3;502311.6
BE;D21X31;Y;25827.4;27383.6;27094.2;28175.8;28806.8;31387.6;32387.8;34339.1;36268.4;36149.7;36998.1;37958;38509.8;39986.6;41455.5;42209.8;42632.5;45162.1;47015.6;48846.9;50603.3;46816.2;51750.1
BE;D21X31;V;26130.2;27751;27530.7;28695.2;29334.4;31974.3;33208.9;35128.9;37030;37759.1;36961.1;38793.1;39857.6;41106.1;41911.4;42420.9;43399.8;46052.6;48015.8;49850;51329.9;47163.1;54933.6
BG;B1G;Y;21480.846;23090.4;25659.558;29365.521;31572.479;33532.421;37562.605;42842.612;48212.268;57179.168;60721.344;64745.908;66607.855;70990.83;70699.386;71597.67;75158.47;79394.944;84854.774;91429.744;98827.117;99801.636;112939.214
BG;B1G;V;22213.216;24655.486;27291.59;30312.883;31973.044;35284.842;39985.885;45249.165;53865.638;61247.218;63592.187;65357.402;70806.782;71898.847;70901.647;72984.821;77388.745;82144.296;88355.926;95278.197;103952.592;104578.954;121607.273
BG;B1GQ;Y;24238.429;26191.712;29200.292;32806.205;35852.943;39023.195;44108.604;50215.63;57175.749;67386.42;70408.755;74309.778;76451.011;81736.879;82182.68;83036.99;87035.02;92323.431;98025.339;105498.982;114404.899;115630.019;129757.164
BG;B1GQ;V;25042.936;28124.88;30986.688;34068.712;36637.911;41201.297;47017.24;53608.436;63494.488;72847.049;73181.465;74877.677;81124.446;82645.905;82241.82;84150.301;89599.755;95390.491;102740.641;109964.381;120396.034;120553.384;139012.33
BG;D21X31;Y;2757.583;3101.312;3540.734;3440.684;4280.464;5490.774;6545.999;7373.018;8963.481;10207.252;9687.411;9563.87;9843.156;10746.049;11483.294;11439.32;11876.55;12928.487;13170.565;14069.238;15577.782;15828.383;16817.95
BG;D21X31;V;2829.72;3469.394;3695.098;3755.829;4664.867;5916.455;7031.355;8359.271;9628.85;11599.831;9589.278;9520.275;10317.664;10747.058;11340.173;11165.48;12211.01;13246.195;14384.715;14686.184;16443.442;15974.43;17405.057
CH;B1G;Y;431689.0406;446294.9986;459851.2136;465961.8885;464961.9819;483609.9522;499139.4988;524113.9083;556590.3721;586334.5687;582684.7467;604782.0604;619300.3897;627293.4795;639572.6119;655229.6599;662065.7165;668201.3317;675771.2177;693279.5309;707844.1857;691819.8873;712090.6744
CH;B1G;V;430430.5786;451845.4;464876.9825;465273.4064;470807.5675;485140.697;504280.839;535591.7037;570114.0795;594974.136;586152.9081;606823.7749;618868.729;627905.2752;639387.6234;651395.7906;654755.4675;665145.402;672740.7793;698917.0328;707357.103;686864.6076;722368.421
CH;B1GQ;Y;448258.9136;466269.1749;480042.9829;484696.8024;483213.4852;502732.8422;518814.7155;544687.6612;578672.5786;608767.0808;604850.6551;627226.9839;641411.0917;649004.9545;660802.7879;676813.8176;683971.9759;689555.7002;696303.9872;713928.5246;727981.9473;709811.224;732317.3348
CH;B1GQ;V;448437.4663;472595.7373;484723.4942;483439.9585;488937.3378;504278.1984;523662.5692;556438.8286;592442.2666;617696.4764;607377.2771;629325.2401;641200.3052;648980.519;660648.7655;672818.206;675735.646;685440.9842;693694.1254;719271.6238;727212.1457;706241.8094;742835.056
CH;D21X31;Y;16569.87307;19974.1763;20191.76923;18734.91389;18251.50334;19122.89002;19675.21673;20573.75291;22082.20659;22432.51207;22165.9084;22444.9235;22110.70197;21711.47494;21230.17606;21584.15775;21906.2594;21354.36855;20532.7695;20648.9937;20137.76157;17991.33672;20226.66039
CH;D21X31;V;18006.88769;20750.33733;19846.51167;18166.55209;18129.77031;19137.50138;19381.73026;20847.12489;22328.18719;22722.34032;21224.36891;22501.46519;22331.57625;21075.24381;21261.14208;21422.41537;20980.17845;20295.58223;20953.34608;20354.59099;19855.0427;19377.20179;20466.63502
CY;B1G;Y;8834.505;9551.141;10035.25;10727.642;10984.63;11969.419;12781.729;13560.177;14646.319;15667.292;16085.688;16800.333;17231.969;17040.691;16154.628;15752.942;15822.36;16747.973;17603.603;18746.302;19963.283;19437.338;20772.294
CY;B1G;V;9013.461;9653.681;10342.591;10703.837;11396.588;12190.142;12949.748;13935.86;15116.038;16416.525;16419.53;17160.459;17649.124;17293.858;16037.782;15322.825;15714.87;16646.482;17740.457;18891.945;20326.092;19479.091;21146.967
CY;B1GQ;Y;9512.582;10312.079;11013.754;11841.937;12188.606;13490.936;14528.896;15521.004;16815.71;18150.193;18626.483;19101.746;19542.224;19173.491;18211.118;17719.938;18080.522;19123.727;20103.968;21459.66;22873.603;22162.851;23348.483
CY;B1GQ;V;9731.561;10594.981;11416.891;11877.037;12845.288;13856.442;14822.306;16000.018;17511.579;19009.576;18675.493;19461.127;19858.075;19495.372;18040.346;17482.799;17944.153;19013.816;20312.442;21675.095;23176.226;21894.897;24018.852
CY;D21X31;Y;678.077;760.938;978.504;1114.295;1203.976;1521.517;1747.167;1960.827;2169.391;2482.901;2540.795;2301.413;2310.255;2132.8;2056.49;1966.996;2258.162;2375.754;2500.365;2713.358;2910.32;2725.513;2576.189
CY;D21X31;V;718.1;941.3;1074.3;1173.2;1448.7;1666.3;1872.558;2064.158;2395.541;2593.051;2255.963;2300.668;2208.951;2201.514;2002.564;2159.974;2229.283;2367.334;2571.985;2783.15;2850.134;2415.806;2871.885
CZ;B1G;Y;1995612;2133573;2240534;2401510;2533894;2706443;2976889;3187909;3378871;3620229;3474313;3685490;3676989;3638129;3676927;3819141;4120083;4269232;4539121;4749180;5022730;4957406;5373497
CZ;B1G;V;2046075;2173796;2353831;2460702;2581146;2787943;2971553;3209206;3495330;3667964;3578059;3613528;3668903;3677512;3713015;3930576;4165174;4314719;4592620;4876115;5232889;5196179;5550548
CZ;B1GQ;Y;2186475;2343126;2458903;2619614;2787419;2959380;3282485;3507935;3727563;3963216;3854571;4050603;4063159;4030434;4087035;4236526;4579932;4742737;5044810;5275314;5574700;5472794;5911475
CZ;B1GQ;V;2252983;2386289;2579126;2690982;2823452;3079207;3285601;3530881;3859533;4042860;3954320;3992870;4062323;4088912;4142811;4345766;4625378;4796873;5110743;5410761;5791498;5709131;6108428
CZ;D21X31;Y;190863;209553;218369;218104;253525;252937;305596;320026;348692;342987;380258;365113;386170;392305;410108;417385;459849;473505;505689;526134;551970;515388;537978
CZ;D21X31;V;206908;212493;225295;230280;242306;291264;314048;321675;364203;374896;376261;379342;393420;411400;429796;415190;460204;482154;518123;534646;558609;512952;557880
DE;B1G;Y;1856832;1916906;1939992;1963733;1974737;2029092;2063765;2150036;2233326;2271501;2147176;2288520;2394963;2430758;2477173;2584829;2667231;2783371;2901242;2971786;3057938;3008554;3170248
DE;B1G;V;1856619;1901809;1962576;1987125;1996524;2049674;2069658;2156957;2247830;2289553;2192834;2305684;2418099;2465800;2527883;2635393;2722020;2822443;2944074;3032736;3129717;3087963;3258567
DE;B1GQ;Y;2052438;2119278;2144660;2168237;2182608;2237727;2279008;2375563;2456159;2523597;2401426;2548082;2664807;2705060;2757096;2873722;2970965;3093710;3218826;3299232;3400890;3345004;3494858
DE;B1GQ;V;2059480;2109090;2172540;2198120;2211570;2262520;2288310;2385080;2499550;2546490;2445730;2564400;2693560;2745310;2811350;2927430;3026180;3134740;3267160;3365450;3473260;3405430;3601750
DE;D21X31;Y;195606;202372;204668;204504;207871;208635;215243;225527;222833;252096;254250;259562;269844;274302;279923;288893;303734;310339;317584;327446;342952;336450;324610
DE;D21X31;V;202861;207281;209964;210995;215046;212846;218652;228123;251720;256937;252896;258716;275461;279510;283467;292037;304160;312297;323086;332714;343543;317467;343183
DK;B1G;Y;1043754.685;1108805.967;1152739.066;1184807.786;1216241.731;1260260.952;1312221.189;1399362.474;1435805.216;1475818.809;1476719.474;1512253.223;1586909.789;1597221.304;1651124.2;1695275.78;1756342.045;1823241.658;1883483.021;1940155.684;1984077.091;1962363.611;2121063.922
DK;B1G;V;1059211.26;1143122.725;1181118.379;1211617.105;1235824.302;1291321.545;1347650.368;1428654.101;1475014.737;1545452.494;1484940.57;1562742.705;1593742.163;1636086.403;1669456.219;1718978.927;1767126.454;1829137.889;1906874.327;1955158.924;2011578.573;2018980.645;2175759.786
DK;B1GQ;Y;1220950.734;1288038.824;1337834.016;1377922.269;1415771.91;1475086.913;1541190.635;1648043.857;1697555.972;1729942.117;1713079.931;1754363.638;1835133.652;1851036.733;1912689.086;1960926.104;2027575.587;2102455.467;2167285.009;2236589.76;2286969.232;2264860.355;2436762.059
DK;B1GQ;V;1241520.747;1326911.504;1371526.218;1410271.027;1436751.24;1506000.798;1585984.17;1682260.207;1738845.296;1801469.912;1722142.505;1810925.601;1846853.613;1895002.254;1929677.034;1981164.991;2036356.221;2107808.218;2192960.002;2253316.249;2310954.835;2323919.331;2504177.717
DK;D21X31;Y;177196.049;179232.857;185094.95;193114.484;199530.179;214825.961;228969.447;248681.383;261750.756;254123.308;236360.457;242110.415;248223.863;253815.429;261564.886;265650.324;271233.542;279213.809;283801.988;296434.076;302892.141;302496.744;315698.137
DK;D21X31;V;182309.487;183788.779;190407.839;198653.922;200926.938;214679.254;238333.802;253606.106;263830.559;256017.418;237201.935;248182.896;253111.45;258915.851;260220.815;262186.064;269229.767;278670.329;286085.675;298157.325;299376.262;304938.686;328417.931
EE;B1G;Y;4547.75;5313.269;5824.1162;6637.6491;7497.6013;8296.3845;9491.3933;10987.1689;12781.3883;13985.2811;12569.6863;12733.1903;13854.2411;15031.219;15853.7898;17031.4544;17776.944;18409.9251;20005.5308;21524.2875;23294.8794;24136.2281;25869.1756
EE;B1G;V;4863.3862;5512.8549;6236.9246;6962.5736;7807.6399;8664.6798;10052.7175;11935.223;14412.142;14818.6786;12265.6847;12897.6328;14624.7307;15656.5158;16568.1151;17482.4717;17890.6878;18745.6912;20676.2151;22558.337;24120.1292;24115.6537;27566.2926
EE;B1GQ;Y;5078.7529;5952.3192;6542.1703;7460.1887;8417.1167;9339.3972;10708.9022;12451.0063;14597.3384;15559.618;14186.9973;14477.2761;15811.7615;17215.6312;18177.9843;19480.2568;20419.7236;21282.398;23007.558;24735.5271;26901.9625;27611.7405;29665.8794
EE;B1GQ;V;5406.8917;6171.6449;6987.0686;7822.58;8744.4261;9777.4594;11343.2699;13568.93;16401.3343;16618.0637;14131.8559;14741.1026;16677.2557;17916.6821;18910.7844;20048.226;20631.3617;21747.9098;23833.6144;25932.1756;27764.7247;27464.9825;31444.9126
EE;D21X31;Y;531.0029;639.0502;718.0542;822.5396;919.5155;1043.0127;1217.5089;1463.8374;1815.9501;1574.3369;1617.3111;1744.0857;1957.5204;2184.4122;2324.1945;2448.8024;2642.7795;2872.4728;3002.0272;3211.2396;3607.0831;3475.5124;3796.7037
EE;D21X31;V;543.5054;658.7899;750.1441;860.0063;936.7862;1112.7797;1290.5524;1633.7071;1989.1923;1799.385;1866.1713;1843.4698;2052.525;2260.1663;2342.6693;2565.7543;2740.6739;3002.2186;3157.3993;3373.8386;3644.5955;3349.3288;3878.62
ES;B1G;Y;530120;570410;612439;655952;701718;748283;802212;867688;933655;981561;989374;1000986;981192;951935;936441;941698;971214;1006607;1042501;1078097;1112107;1001069;1075228
ES;B1G;V;541434;588988;639118;683263;727883;775375;832410;897257;969173;1022552;1002045;985479;980239;948344;932777;940399;978971;1011268;1053805;1089420;1129619;1020065;1090923
ES;B1GQ;Y;580960;626974;673331;720137;771903;827319;890824;965404;1040008;1085080;1067787;1071066;1063973;1032287;1016634;1034923;1072245;1110842;1147582;1189049;1227743;1104454;1179697
ES;B1GQ;V;595723;647851;700993;749552;802266;859437;927357;1003823;1075539;1109541;1069323;1072709;1063763;1031104;1020677;1032608;1078092;1114420;1162492;1203859;1245513;1117989;1206842
ES;D21X31;Y;50840;56564;60892;64185;70185;79036;88612;97716;106353;103519;78413;70080;82781;80352;80193;93225;101031;104235;105081;110952;115636;103385;104469
ES;D21X31;V;54289;58863;61875;66289;74383;84062;94947;106566;106366;86989;67278;87230;83524;82760;87900;92209;99121;103152;108687;114439;115894;97924;115919
FI;B1G;Y;109641;117559;122658;129004;131743;137538;142624;149388;159808;165645;156201;164211;167806;168318;171831;175444;179118;187362;194177;197151;204277;202616;212732
FI;B1G;V;110428;119381;127302;130218;132423;139033;143921;150758;164142;170940;159066;164663;171583;173661;175985;178410;182599;187394;195707;201308;207291;206164;217910
FI;B1GQ;Y;125750;134243;140003;147097;151461;157807;163171;171320;182059;188539;178579;187537;192936;195231;199224;203575;208022;217328;224462;228880;236321;234569;245121
FI;B1GQ;V;126916;136442;144628;148486;151749;158758;164687;172897;187072;194265;181747;188143;197998;201037;204321;206897;211385;217518;226301;233462;239858;238043;251367
FI;D21X31;Y;16109;16684;17345;18093;19718;20269;20547;21932;22251;22894;22378;23325;25129;26912;27393;28131;28904;29966;30285;31729;32044;31953;32389
FI;D21X31;V;16488;17061;17326;18268;19326;19725;20766;22139;22930;23325;22681;23480;26415;27376;28336;28487;28786;30124;30594;32154;32567;31879;33457
FR;B1G;Y;1248828;1300052;1352665;1399441;1440413;1513763;1555413;1625378;1696699;1751472;1745747;1780607;1838036;1859025;1886941;1920960;1944633;1986515;2040232;2084688;2141536;1998508;2196976
FR;B1G;V;1251478;1326341;1384016;1430220;1469233;1532690;1586085;1654464;1742511;1792805;1750127;1797790;1848583;1875325;1899841;1927230;1967466;1996790;2046129;2101770;2169269;2061470;2216772
FR;B1GQ;Y;1398149;1455970;1507916;1555667;1600899;1676810;1732359;1809158;1892964;1946309;1935132;1974172;2039039;2064815;2100843;2137433;2173690;2222515;2285322;2340088;2406861;2247875;2467964
FR;B1GQ;V;1400999;1478585;1538200;1587829;1630666;1704019;1765905;1848151;1941360;1992380;1936422;1995289;2058369;2088804;2117189;2149765;2198432;2234129;2297242;2363306;2437635;2310469;2500870
FR;D21X31;Y;149321;155919;155251;156226;160486;163047;176947;183780;196265;194837;189386;193565;201004;205790;213901;216473;229057;236000;245090;255399;265325;249367;270988
FR;D21X31;V;149521;152244;154184;157610;161433;171329;179820;193687;198849;199575;186295;197499;209786;213479;217348;222535;230966;237339;251113;261536;268366;248999;284099
GR;B1G;Y;115618.9774;124431.1649;130483.8125;140723.9312;154771.1039;169873.3939;175457.5911;186643.0263;198256.4634;204885.7586;206587.315;200314.5417;179607.7787;167771.4467;162713.7123;159195.8446;156606.193;154543.0936;154851.0337;156303.9883;157688.341;144644.5863;156522.9685
GR;B1G;V;119960.8474;126181.3976;135470.2939;145797.3873;160513.3687;174773.0292;178820.508;193047.1292;205266.9602;213818.8615;212390.8657;197729.1543;178180.5363;166150.6644;159466.7664;156492.4978;155835.6093;152196.6021;154344.2076;155610.9382;158848.6296;145087.6709;158667.9178
GR;B1GQ;Y;129111.3673;139032.9396;147083.0657;158164.2067;172932.5493;187959.2674;194876.4566;210504.3514;224993.8045;231914.6642;231583.0278;224521.5417;201376.9771;188900.3804;183640.985;180740.0821;176888.4382;175509.6413;176399.9126;179854.8746;182941.157;166842.194;179356.9571
GR;B1GQ;V;133788.7282;141247.2762;152193.8375;163460.7643;178904.9035;193715.8236;199242.3118;217861.5682;232694.5927;241990.3899;237534.1815;224124.0299;203308.2175;188380.6363;179884.38;177235.9757;176368.8629;174494.1763;176903.3686;179557.6757;183351.2179;165405.9182;181674.6064
GR;D21X31;Y;13492.38987;14601.77472;16599.25314;17440.2755;18161.44541;18085.8735;19418.86545;23861.32513;26737.34108;27028.90553;24995.71278;24207.00001;21769.19841;21128.93366;20927.27277;21544.23749;20282.24518;20966.54775;21548.87894;23550.88627;25252.81591;22197.60773;22833.98861
GR;D21X31;V;13827.88078;15065.8786;16723.5436;17663.37692;18391.53477;18942.79431;20421.8038;24814.439;27427.63242;28171.52838;25143.31575;26394.87557;25127.68123;22229.97187;20417.61365;20743.47799;20533.25355;22297.57428;22559.16108;23946.73755;24502.58831;20318.2473;23006.68854
HR;B1G;Y;135310.4989;143247.8745;154825.1981;169653.1161;187010.1547;204216.5333;222113.6778;240318.4788;261987.0275;280020.3461;277024.2488;280117.4508;283091.8669;278951.2982;280226.0904;279716.3036;286845.5715;296122.1521;304322.8304;316795.7513;333830.2113;318038.8833;345032.9091
HR;B1G;V;140171.7782;149618.452;161254.8077;176650.7408;195968.2612;213141.7564;229491.8651;249734.8144;274729.1376;295469.7849;285079.7563;282254.1995;288536.1357;282132.8956;280577.0974;279670.2008;285685.4221;295712.63;308540.9809;322160.1423;339400.4628;316759.5696;356471.7511
HR;B1GQ;Y;162688.9491;173262.5662;186264.6453;205246.7462;224899.2862;244311.8089;264112.6321;285807.4608;311501.6291;330939.4161;323732.6696;329163.5095;331939.6914;329889.6322;333376.9587;334792.9308;343760.5894;356187.1964;368071.782;383153.194;404465.3711;378831.2016;417075.5811
HR;B1GQ;V;168386.922;180782.4215;194138.0244;213122.2635;234578.3626;253193.8956;272357.4776;296914.7664;324783.3314;349157.2516;333332.5006;332222.8899;337571.7756;334591.9201;335955.1577;335292.1543;344034.4139;355920.3335;372354.8671;390855.9786;412228.313;378341.1725;430621.0159
HR;D21X31;Y;27378.45027;30014.6917;31439.44715;35593.63013;37889.13153;40095.27567;41998.95436;45488.98204;49514.60152;50919.06993;46708.42076;49046.05873;48847.82443;50938.33405;53150.86834;55076.62723;56915.01796;60065.04431;63748.9516;66357.44268;70635.1598;60792.3183;72042.67206
HR;D21X31;V;28215.1438;31163.96948;32883.21675;36471.52269;38610.10135;40052.13913;42865.6124;47179.95193;50054.19382;53687.46663;48252.74428;49968.69045;49035.63989;52459.02452;55378.06035;55621.95351;58348.99177;60207.70342;63813.88621;68695.83632;72827.85018;61581.60297;74149.26479
HU;B1G;Y;9270797;10423687;11841007;13952616;15778101;17262985;18834102;20232703;21185453;22327369;21793783;22839986;23788454;23985144;25002246;26777736;28741045;30136625;32003487;35162368;38345916;38305967;43929663
HU;B1G;V;9984353;11357758;13307856;15134489;16442337;18071239;19473280;21140813;22142363;23346169;22548144;23332783;24285160;24409415;25632129;27718713;29459765;30714361;33309001;36641892;40257788;40860507;46646434
HU;B1GQ;Y;10763520;12158814;13866886;16128796;18144158;20087396;22016583;23486579;24412936;26000332;25452029;26806207;27998195;28181410;29519302;31636459;34020881;35734798;37753406;41380800;45494059;45497475;51857148
HU;B1GQ;V;11637546;13324052;15398700;17433859;19130011;21110059;22594966;24345409;25741898;27249944;26520776;27485093;28538202;28996631;30351903;32804707;34965213;36206666;39274757;43386436;47664925;48411546;55125561
HU;D21X31;Y;1492723;1735127;2025879;2176180;2366057;2824411;3182481;3253876;3227483;3672963;3658246;3966221;4209741;4196266;4517056;4858723;5279836;5598173;5749919;6218432;7148143;7191508;7927485
HU;D21X31;V;1653193;1966294;2090844;2299370;2687674;3038820;3121686;3204596;3599535;3903775;3972632;4152310;4253042;4587216;4719774;5085994;5505448;5492305;5965756;6744544;7407137;7551039;8479127
IE;B1G;Y;78847.15086;89418.8357;100406.4525;115443.1582;122169.2229;135692.9963;145800.6998;156386.5537;175290.2906;171136.0373;156669.3663;155075.2091;154582.9148;151445.7096;160755.7015;176682.437;221115.5896;247519.703;268116.3853;303090.9834;322671.4383;359313.397;396504.4733
IE;B1G;V;82670.78604;96721.75863;108813.82;120604.6183;128986.8951;137429.1754;149522.6823;162578.076;175065.9325;167334.9525;152335.859;152323.745;155174.6755;158691.2506;164131.5979;178525.655;244180.6385;250893.7352;274823.1821;306261.1918;334579.0403;352055.3139;401447.5069
IE;B1GQ;Y;88900.08741;101516.1068;114251.855;129291.6603;140096.6504;155458.8151;165228.9315;178801.4173;194735.5138;188232.6648;177739.4489;172372.682;168787.1539;171693.6552;177592.3031;194979.5039;242628.3899;268252.9314;294538.2519;323155.0968;344403.081;378765.1274;423498.3279
IE;B1GQ;V;92790.52674;108495.2889;122089.1738;135997.8937;145576.8543;156259.9508;170306.7653;184916.2428;197069.396;187282.9828;169519.7133;167391.3938;171703.1716;175615.4178;179457.5883;195085.2466;262975.9136;270205.3362;297763.2158;326631.2778;356704.5955;372836.3974;426283.4357
IE;D21X31;Y;9806.185751;11161.8112;11693.95719;12601.2698;14046.72825;16113.97843;18831.02823;21522.8059;21820.78521;18594.10245;15963.97437;15341.63864;14491.65286;14962.13481;15837.98503;17515.04404;18815.12337;19950.05762;20699.91907;21320.65242;22844.0768;19677.37352;24290.33532
IE;D21X31;V;9968.643419;11771.7325;12253.64692;13176.58392;14530.43706;16466.89917;19283.15674;22362.37269;22866.76032;19333.34388;15250.08985;15197.88585;14857.28547;15213.70706;15917.27345;17546.3681;18759.69788;19949.03708;20768.77829;21427.16181;23054.30796;19606.10168;24875.52435
IT;B1G;Y;1037588;1091914.6;1133045.3;1179772.6;1218151.3;1281448.5;1320951.5;1371772.6;1412943.3;1439559.5;1396812.9;1451194;1460003;1441273.4;1435235.9;1452292;1475477.5;1508257.3;1547172;1572338.7;1597350.9;1475352;1602354.2
IT;B1G;V;1051978.5;1112455.9;1175476.8;1217299.9;1261478.2;1310293;1346105.3;1391185.8;1449716.8;1477269.4;1425156.9;1449430.4;1480874.8;1458006.7;1451514.3;1462744.6;1488049;1522753.8;1557795.8;1589576.2;1611368.5;1502118.4;1597537.4
IT;B1GQ;Y;1157370.8;1219651.9;1265739.4;1307448.6;1352130.7;1414548;1464196.8;1520380.9;1575776.4;1599304.8;1551213.6;1604279;1622676.5;1599607.9;1594453.2;1612677.9;1640071.8;1676766.4;1724070.1;1752670.5;1779950.5;1634232.3;1772502
IT;B1GQ;V;1175149.5;1241512.9;1304136.8;1350258.9;1394693.2;1452319;1493635.3;1552686.8;1614839.8;1637699.4;1577255.9;1611279.4;1648755.8;1624358.7;1612751.3;1627405.6;1655355;1695786.8;1736592.8;1771391.2;1796648.5;1660621.4;1782050.4
IT;D21X31;Y;119782.8;127737.3;132694.1;127676;133979.4;133099.5;143245.4;148608.3;162833.1;159745.3;154400.6;153085;162673.5;158334.5;159217.3;160385.9;164594.3;168509;176898.1;180331.7;182599.6;158880.3;170147.7
IT;D21X31;V;123171;129057;128660;132959;133215;142026;147530;161501;165123;160430;152099;161849;167881;166352;161237;164661;167306;173033;178797;181815;185280;158503;184513
LT;B1G;Y;11281.90603;11585.08488;12638.43055;13468.83085;14930.9821;15898.64702;17755.9593;20395.02079;24118.97962;26728.03513;24963.35581;24663.18811;26738.71806;29285.95302;31299.92592;32893.68013;33750.45381;34474.48588;36495.80115;39498.59713;42821.11203;43939.72222;47333.27656
LT;B1G;V;11172.21289;11864.16281;12617.00409;13504.14084;14918.57245;16481.54559;18987.28121;21707.7906;26047.05484;29312.99738;24262.55493;25215.92567;28201.90983;30226.85118;31769.97237;33080.7072;33627.4683;34997.01938;37981.86347;40928.14373;43949.28669;44662.02578;50198.40138
LT;B1GQ;Y;12872.3713;13180.30302;14222.78422;15134.16381;16786.55351;17743.81664;19628.48045;22535.3991;26725.00588;29769.69515;27813.76638;27341.14896;29726.7995;32520.95787;34596.24728;36278.89341;37321.93003;38286.37162;40555.35896;43964.52097;47620.35148;48897.5802;52746.31708
LT;B1GQ;V;12710.58028;13351.45429;14177.01423;15182.38929;16649.99629;18219.66868;20979.92272;24053.29084;29011.21905;32660.06651;26897.01452;28033.83337;31317.16837;33410.16271;35039.54062;36581.31077;37345.69827;38889.86237;42276.29725;45515.22595;48908.22386;49769.58167;56179.07503
LT;D21X31;Y;1590.465272;1595.218143;1584.353678;1665.33296;1855.571405;1845.169613;1872.521153;2140.378309;2606.026262;3041.660014;2850.410566;2677.960852;2988.081439;3235.004848;3296.321365;3385.213279;3571.47622;3811.885735;4059.557811;4465.923843;4799.239442;4957.857977;5413.040522
LT;D21X31;V;1538.367383;1487.291474;1560.010145;1678.248451;1731.423844;1738.123086;1992.641502;2345.500237;2964.164212;3347.069124;2634.459584;2817.907698;3115.258532;3183.311538;3269.568254;3500.603571;3718.229974;3892.842982;4294.433778;4587.08222;4958.937166;5107.555888;5980.673643
LU;B1G;Y;17497.583;19502.834;21247.425;22086.96;22987.989;24337.674;25594.24;28728.638;33180.481;33505.244;34809.168;36399.229;38378.251;40349.111;42975.854;44920.397;48392.196;52052.311;51853.054;53537.312;56025.28;56313.769;62026.94
LU;B1G;V;18373.944;20502.108;21424.213;22423.919;23474.634;25053.304;26894.032;30683.877;33658.394;35998.314;35116.859;38235.934;39801.076;41682.682;44019.418;46254.988;49537.301;51386.241;53011.49;54631.805;56696.989;59159.083;65590.787
LU;B1GQ;Y;19613.262;21973.389;23692.699;24650.115;25666.229;27337.197;28889.294;32102.907;36942.768;37528.911;38713.668;40519.212;42845.526;45054.759;48001.953;50382.28;52966.873;56837.611;56948.433;58878.049;61515.93;61876.198;68086.409
LU;B1GQ;V;20547.759;22986.027;23879.889;25011.094;26227.287;28189.387;30280.986;34175.045;37641.903;40009.559;39050.743;42402.715;44323.466;46526.238;49094.489;51791.322;54142.304;56208.068;58168.784;60121.164;62373.588;64780.987;72295.028
LU;D21X31;Y;2115.678;2470.556;2445.275;2563.149;2678.24;2999.524;3295.054;3374.269;3762.287;4023.666;3904.501;4119.983;4467.274;4705.649;5026.098;5461.882;4574.675;4785.3;5095.378;5340.737;5490.649;5562.428;6059.469
LU;D21X31;V;2173.815;2483.919;2455.676;2587.171;2752.653;3136.083;3386.954;3491.168;3983.509;4011.245;3933.884;4166.781;4522.391;4843.556;5075.071;5536.334;4605.003;4821.827;5157.294;5489.358;5676.599;5621.904;6704.241
LV;B1G;Y;5472.74;5900.944;6542.168;7207.827;8212.545;9292.94;11050.066;13535.539;16603.258;19837.474;19465.808;16223.216;16438.272;18657.71;19665.738;20360.437;21564.171;22001.735;22900.325;24364.616;26042.628;26200.09;27497.471
LV;B1G;V;5595.474;6147.418;6720.614;7579.25;8584.272;9965.177;12149.758;15229.107;20181.641;22088.35;17103.944;16096.741;17498.875;19402.67;20035.007;20802.872;21613.408;22166.9;23574.402;25307.377;26722.973;26436.589;29539.331
LV;B1GQ;Y;6180.429;6628.65;7302.819;8000.519;9114.421;10364.734;12286.332;15297.905;18909.988;21966.161;21030.194;18153.45;18553.513;21155.659;22364.691;23181.735;24543.726;25154.145;26211.743;28061.613;29902.715;30002.799;31526.429
LV;B1GQ;V;6272.632;6868.49;7470.967;8406.365;9571.793;11096.723;13662.28;17199.979;22703.836;24527.909;19000.008;18087.98;19763.84;21924.455;22749.01;23625.802;24572.126;25371.324;26984.433;29153.556;30678.645;30294.045;33695.902
LV;D21X31;Y;707.69;727.707;760.651;792.692;901.876;1071.794;1236.266;1762.367;2306.73;2128.688;1564.387;1930.234;2115.241;2497.949;2698.953;2821.298;2979.555;3152.41;3311.418;3696.997;3860.087;3802.709;4028.958
LV;D21X31;V;677.158;721.072;750.353;827.115;987.521;1131.545;1512.522;1970.872;2522.196;2439.559;1896.063;1991.239;2264.966;2521.784;2714.003;2822.93;2958.719;3204.424;3410.031;3846.179;3955.672;3857.456;4156.571
ME;B1G;Y;ND;ND;ND;ND;ND;ND;ND;ND;1877.62;2291.96;2396.02;2553.54;2705.98;2674.36;2776.31;2810.55;2906.89;3093.72;3423.03;3730.13;3975.32;3444.44;3926.84
ME;B1G;V;ND;ND;ND;ND;ND;ND;ND;1773.45;2139.92;2494.3;2485.46;2608.47;2735.39;2668.23;2759.2;2799.45;3022.01;3270.99;3518.56;3816.14;4022.35;3467.55;4021.51
ME;B1GQ;Y;ND;ND;ND;ND;ND;ND;ND;ND;2317.38;2883.36;2923.49;3075.75;3225.98;3175.85;3294.39;3422.46;3575.16;3762.29;4140.71;4517.39;4852.59;4192.92;4731.49
ME;B1GQ;V;ND;ND;ND;ND;ND;ND;ND;2169.63;2689.13;3103.33;2993.88;3125.09;3264.78;3181.48;3362.48;3457.92;3654.51;3954.21;4299.09;4663.13;4950.72;4185.55;4955.12
ME;D21X31;Y;ND;ND;ND;ND;ND;ND;ND;ND;439.76;591.4;527.48;522.21;520;501.5;518.08;611.91;668.27;668.57;717.68;787.26;877.27;748.47;804.66
ME;D21X31;V;ND;ND;ND;ND;ND;ND;ND;396.18;549.21;609.03;508.42;516.62;529.39;513.24;603.28;658.47;632.51;683.22;780.53;846.99;928.37;718;933.61
MK;B1G;Y;ND;ND;203959.0079;216291.3813;218697.9355;242954.2652;253917.2264;276821.5575;308374.9982;339784.2692;356074.1437;370593.1725;384555.2143;396714.9886;419487;458472.9359;478471.8359;498298.1907;520326.4598;551367.5034;595938.4631;567745.665;591753.4257
MK;B1G;V;ND;209601.4498;213782.4986;213202.6086;232177.5511;243685.1013;264847.2046;291105.148;321378.2367;357150.318;358368.566;377200.506;399375.5359;403683.7225;436706;458128;488407.6155;515600.6632;535726.018;573921.9804;601462.4984;574731.8311;614605.6648
MK;B1GQ;Y;ND;ND;241020.0079;256163.3813;264327.8017;281252.7593;294050.1853;324292.248;356515.9205;393293.406;413402.0684;428548.167;447527.8498;462069.6528;480353;520107.5259;547975.0842;574874.6339;601227.4598;635911.2838;686720.7545;650354.0638;681934.1385
MK;B1GQ;V;ND;248646.4498;252393.4666;258580.681;268693.5511;280786.0413;308447.2046;334840.148;372889.2367;414890.113;414621.901;437295.506;464186.3319;466702.7045;501891;527631;558953.6155;594794.8628;618105.482;660878.1982;692682.874;655930.7897;723239.3397
MK;D21X31;Y;ND;ND;37061;39872;45629.86617;38298.49417;40132.95886;47470.69044;48140.92238;53509.1368;57327.92466;57954.99457;62972.63547;65354.66418;60866;61634.59;69503.24828;76576.44315;80901;84543.78039;90782.29141;82608.3988;90180.71285
MK;D21X31;V;ND;39045;38610.968;45378.07241;36516;37100.94;43600;43735;51511;57739.795;56253.335;60095;64810.796;63018.982;65185;69503;70546;79194.1366;82379.46405;86956.21783;91220.37559;81198.95857;108633.6749
MT;B1G;Y;ND;ND;3628.976567;3921.857272;4190.964996;4199.941329;4395.360246;4601.495403;4911.092424;5290.550406;5401.199289;5804.434888;5969.410681;6340.795086;6903.515614;7589.245345;8559.529408;9184.442724;10409.91408;11273.11139;12277.58063;11637.62507;13039.60264
MT;B1G;V;3426.063849;3702.707402;3802.273657;3997.199241;4251.177827;4289.120664;4481.53923;4698.440119;5052.126251;5461.785843;5477.891897;6007.037386;6042.910381;6477.589645;7019.237307;7716.192978;8888.820117;9355.728753;10633.16999;11485.89203;12551.77718;11860.863;13348.32876
MT;B1GQ;Y;ND;ND;4104.558342;4395.780207;4699.566369;4794.238123;5061.194146;5288.758379;5660.979586;6011.833159;6135.652254;6606.65705;6847.636891;7209.73219;7767.543144;8550.78042;9591.919514;10334.74365;11692.74693;12677.46038;13721.52582;12878.45239;14420.21353
MT;B1GQ;V;3829.559125;4153.347577;4285.837183;4515.59786;4787.522735;4895.548668;5159.253744;5403.00213;5790.276388;6206.020688;6259.644872;6815.803642;6924.597594;7364.460035;7944.345733;8751.102047;9996.709856;10541.13029;11940.81135;12954.95301;14047.9099;13073.85288;14681.31519
MT;D21X31;Y;ND;ND;475.581775;473.922936;508.601374;594.296794;665.8339;687.262975;749.887162;721.282753;734.452965;802.222162;878.22621;868.937104;864.02753;961.535074;1032.390106;1150.300925;1282.83285;1404.34899;1443.945189;1240.827315;1380.610893
MT;D21X31;V;403.495276;450.640175;483.563525;518.398619;536.344908;606.428004;677.714514;704.562011;738.150136;744.234845;781.752975;808.766256;881.687213;886.870391;925.108426;1034.909069;1107.889739;1185.401538;1307.641363;1469.060978;1496.132717;1212.989882;1332.98643
NL;B1G;Y;372262;392472;415387;431281;448946;468087;482378;507853;540643;566260;559282;569660;585026;581299;591871;604279;615123;633043;653429;676913;706611;695575;746227
NL;B1G;V;375889;405832;430408;448394;458616;472578;491394;520586;552505;578387;561185;574280;585953;590316;595709;604814;620835;634824;661566;692632;724960;709628;762564
NL;B1GQ;Y;414144;437058;462525;482928;501917;522989;540141;569949;606600;632608;623466;633232;649102;643658;652116;669864;684717;705131;728956;755573;789123;781459;835267
NL;B1GQ;V;419459;452007;481881;501137;512810;529286;550883;584546;619170;647198;624842;639187;650359;652966;660463;671560;690008;708337;738146;773987;813055;796530;856356
NL;D21X31;Y;41882;44586;47138;51647;52971;54902;57763;62096;65957;66348;64184;63572;64076;62359;60245;65585;69594;72088;75527;78660;82512;85884;89040
NL;D21X31;V;43570;46175;51473;52743;54194;56708;59489;63960;66665;68811;63657;64907;64406;62650;64754;66746;69173;73513;76580;81355;88095;86902;93792
NO;B1G;Y;1024883;1134012;1354122;1397529;1388948;1489533;1622409;1809956;2027111;2100024;2302736;2176308;2324096;2563147;2680988;2803407;2862822;2794643;2801411;2951013;3187185;3147597;3265052
NO;B1G;V;1098327;1329434;1381911;1377473;1435942;1583444;1775602;1977549;2085518;2346642;2167391;2308033;2497828;2655332;2749350;2808575;2768846;2739686;2919814;3161544;3164843;3006610;3713278
NO;B1GQ;Y;1186591;1306254;1538556;1586930;1575233;1684683;1829832;2037743;2282679;2361369;2562065;2445525;2616913;2868172;2994703;3131713;3202598;3144506;3170126;3332252;3580405;3537927;3675232
NO;B1GQ;V;1265689;1507283;1564306;1561026;1620364;1783020;1989987;2216317;2350173;2607090;2428481;2591479;2792683;2964053;3071224;3140814;3111168;3098148;3295382;3553900;3563484;3410399;4141882
NO;D21X31;Y;161708;172242;184434;189401;186285;195150;207423;227787;256486;261345;259329;269217;292817;305025;313715;328306;339776;349863;368715;381239;393220;390330;410180
NO;D21X31;V;167362;177849;182395;183553;184422;199576;214385;238768;264655;260448;261090;283446;294855;308721;321874;332239;342322;358462;375568;392356;398641;403830;428669
PL;B1G;Y;562317;618938;673301;708380;740309;786042;853152;923630;1003967;1077490;1156527;1252284;1323210;1382451;1438178;1498194;1573877;1640330;1717676;1843618;1943438;1970141;2195048
PL;B1G;V;593321;664322;694819;716566;746437;825318;870463;937279;1036439;1121553;1217842;1260546;1363784;1426971;1444148;1505789;1595387;1636005;1740484;1862434;2011356;2059056;2282544
PL;B1GQ;Y;635363;705295;757903;797459;840629;889364;965813;1051261;1144949;1237383;1321981;1412289;1506691;1577648;1626553;1692674;1775092;1851589;1948460;2100675;2221136;2242262;2497750
PL;B1GQ;V;674530;748483;781548;812214;847152;933091;990530;1069431;1187508;1285571;1372025;1434368;1553641;1612739;1630126;1700552;1798471;1853205;1982794;2126506;2288492;2337672;2623948
PL;D21X31;Y;73046;86357;84602;89079;100320;103322;112661;127631;140982;159893;165454;160005;183481;195197;188375;194480;201215;211259;230784;257057;277698;272121;302702
PL;D21X31;V;81209;84161;86729;95648;100715;107773;120067;132152;151069;164018;154183;173822;189857;185768;185978;194763;203084;217200;242310;264072;277136;278616;341404
PT;B1G;Y;100606.289;108088.972;115031.554;119898.803;123693.311;129870.188;133805.085;139726.847;147632.164;153163.218;152104.114;158002.761;156380.165;149096.963;146306.344;150269.431;153469.122;159090.272;167316.104;174226.897;182151.345;171093.482;183250.043
PT;B1G;V;104225.139;112521.661;119098.175;124721.52;127734.25;133144.794;137485.715;143562.095;152165.963;156158.229;155546.506;157970.796;154128.223;147214.826;149802.347;151135.832;156517.314;161993.327;169642.25;177465.917;185536.277;174768.004;185729.751
PT;B1GQ;Y;115703.488;124167.579;130910.401;136821.732;141227.766;148680.626;153438.739;161129.239;170427.92;176043.628;173511.052;178464.516;176564.284;168951.431;166742.8;171842.893;176154.893;183342.44;193028.788;201530.382;210688.724;196580.419;211512.088
PT;B1GQ;V;119603.305;128414.445;135775.009;142554.263;146067.858;152248.388;158552.704;166260.469;175483.401;179102.781;175416.437;179610.779;176096.171;168295.569;170492.269;173053.691;179713.159;186489.811;195947.21;205184.124;214374.62;200518.859;214470.702
PT;D21X31;Y;15097.199;16078.607;15878.847;16922.929;17534.455;18810.438;19633.654;21402.392;22795.756;22880.41;21406.938;20461.755;20184.119;19854.468;20436.456;21573.462;22685.771;24252.168;25712.684;27303.485;28537.379;25486.937;28330.318
PT;D21X31;V;15378.166;15892.784;16676.834;17832.743;18333.608;19103.594;21066.989;22698.374;23317.438;22944.552;19869.931;21639.983;21967.948;21080.743;20689.922;21917.859;23195.845;24496.484;26304.96;27718.207;28838.343;25750.855;28908.944
RO;B1G;Y;33567.8;50776.5;77234.9;111885.7;140668.7;189395.8;228307.5;276000.8;326666;415433.6;462739.1;457717.7;504339.2;530088.8;551390.8;579887.8;607327.4;643524.7;729923.4;813842.8;899282.8;929725.4;1013972.3
RO;B1G;V;49415.8;73027;106501.2;137534.2;171229.7;219488.8;254390.8;305239;379419.2;484248.8;482693.5;483485.4;519643.8;549135.5;556662.2;591513.9;625899.1;673343;770366.8;867424.4;962376.7;967600;1067666.5
RO;B1GQ;Y;36868.3;56483.2;85093.2;124086.2;155836.4;211931;256110.7;309893.5;367557.4;465312.2;510049.7;510183;564743.8;598506.9;622945.9;657629.1;690016.3;732904.9;813763.7;902964;996012.7;1024673.5;1121187.5
RO;B1GQ;V;55126.4;80873.1;117391.4;152271.5;191917.6;244688.3;286861.9;342762.6;425691.1;539834.6;530894.4;540336.3;587203.3;621268.7;631602.9;668876.4;712543.6;752116.4;851619.7;959058.6;1063794.6;1066780.5;1181917.9
RO;D21X31;Y;3300.5;5706.7;7858.3;12200.5;15167.7;22535.2;27803.2;33892.7;40891.4;49878.6;47310.6;52465.3;60404.6;68418.1;71555.1;77741.3;82688.9;89380.2;83840.3;89121.2;96729.9;94948.1;107215.2
RO;D21X31;V;5710.6;7846.1;10890.2;14737.3;20687.9;25199.5;32471.1;37523.6;46271.9;55585.8;48200.9;56850.9;67559.5;72133.2;74940.7;77362.5;86644.5;78773.4;81252.9;91634.2;101417.9;99180.5;114251.4
SE;B1G;Y;1984237;2111517;2169944;2269659;2358237;2509482;2582250;2718966;2862085;2930004;2878444;3126242;3268007;3286387;3359457;3485289;3704628;3851099;4019295;4182855;4367809;4369422;4697785
SE;B1G;V;2002888;2140595;2224423;2304452;2398214;2515147;2594653;2767971;2944571;3021539;2947488;3153052;3303265;3320607;3392439;3549983;3788043;3910818;4100646;4278918;4484615;4472395;4838104
SE;B1GQ;Y;2244343;2372428;2443057;2558736;2658353;2820800;2911104;3067755;3229029;3305318;3264168;3540037;3687769;3705974;3787545;3924270;4171975;4348687;4528406;4715284;4924206;4940031;5294248
SE;B1GQ;V;2264494;2408151;2503731;2598336;2703551;2830194;2931085;3121668;3320278;3412253;3341167;3573581;3727905;3743086;3822671;3992730;4260470;4415031;4625094;4828306;5049619;5038538;5451813
SE;D21X31;Y;260106;260911;273113;289077;300116;311318;328854;348789;366944;375314;385724;413795;419762;419587;428088;438981;467347;497588;509111;532429;556397;570609;596463
SE;D21X31;V;261606;267556;279308;293884;305337;315047;336432;353697;375707;390714;393679;420529;424640;422479;430232;442747;472427;504213;524448;549388;565004;566143;613709
SI;B1G;Y;13939.11937;15470.40072;17101.05542;19273.30945;21207.35854;23393.03919;25118.44833;27094.34972;29629.81743;31699.59896;30859.07224;32184.32385;31876.84607;31529.34653;31255.55824;32594.53102;33232.99729;34679.61884;36828.97424;39034.29305;41386.4215;40988.24079;44684.88741
SI;B1G;V;14863.77055;16464.2025;18555.79662;20566.06753;22419.0732;24239.15958;25568.70829;27649.6121;30729.58229;33204.32909;31725.23989;31693.47747;32265.71953;31475.16157;31508.78192;32531.99242;33591.72703;35029.56298;37369.98686;39961.37427;42386.1824;41568.7304;45880.02176
SI;B1GQ;Y;16170.42669;17859.2083;19459.54412;21889.05536;24245.715;26729.81498;28677.49946;30786.54429;33667.0218;36304.47885;35062.89961;36742.1021;36677.12236;36080.43123;35880.12289;37463.44624;38466.04061;40092.76016;42390.71101;44927.22153;47459.57949;46435.82177;50881.54088
SI;B1GQ;V;17226.5845;18853.12201;21147.70162;23548.61473;25613.28254;27628.18902;29113.56331;31470.34092;35073.4562;37925.69768;36254.92707;36363.90943;37058.56946;36253.27204;36454.33267;37634.29201;38852.64073;40443.21677;43011.33918;45876.34963;48533.11757;47020.64657;52208.06786
SI;D21X31;Y;2231.307318;2388.80758;2358.488701;2615.745907;3038.356456;3336.775793;3559.051128;3692.194572;4037.20437;4604.879888;4203.827372;4557.778254;4800.276298;4551.084702;4624.564652;4868.915219;5233.043324;5413.141321;5561.73677;5892.928478;6073.157994;5447.580983;6196.653465
SI;D21X31;V;2362.813957;2388.91951;2591.905006;2982.547206;3194.209343;3389.029442;3544.855024;3820.728815;4343.873911;4721.368583;4529.687178;4670.431961;4792.849933;4778.110466;4945.550758;5102.299587;5260.913702;5413.653787;5641.352323;5914.975365;6146.935166;5451.916162;6328.046099
SK;B1G;Y;23564.136;25544.455;29225.873;32025.375;34996.828;38552.07;43414.953;49008.989;56071.765;60090.631;58678.07;61998.586;63541.968;66065.661;67054.171;69181.388;72325.87;73639.22;74920.828;78844.663;82211.339;81689.999;85537.83
SK;B1G;V;25280.593;27967.037;30735.672;33385.179;36881.485;40910.969;44621.292;50466.113;56567.395;61813.488;57993.535;62331.297;64659.738;66940.498;67402.661;68941.835;72144.658;73235.73;75861.912;80517.348;84433.581;83748.107;87754.456
SK;B1GQ;Y;26660.012;28916.981;32691.25;35915.222;39382.28;43669.151;49233.602;54773.501;62466.511;66684.637;64848.555;68400.579;70601.97;72732.56;74115.265;76502.005;80299.901;81683.659;83652.824;88082.403;92139.26;91250.518;96229.53
SK;B1GQ;V;28583.546;31661.067;34365.528;37329.5;41479.498;46175.205;50485.664;56361.425;63163.352;68590.534;64095.519;68764.947;71785.846;73649.257;74492.793;76354.524;80126.048;81265.197;84669.877;89874.693;94437.483;93413.756;98522.981
SK;D21X31;Y;3095.876;3372.526;3465.377;3889.847;4385.452;5117.081;5818.649;5764.512;6394.746;6594.006;6170.485;6401.993;7060.002;6666.899;7061.094;7320.617;7974.031;8044.439;8731.996;9237.74;9927.921;9560.519;10691.7
SK;D21X31;V;3302.953;3694.03;3629.856;3944.321;4598.013;5264.236;5864.372;5895.312;6595.957;6777.046;6101.984;6433.65;7126.108;6708.759;7090.132;7412.689;7981.39;8029.467;8807.965;9357.345;10003.902;9665.649;10768.525
TR;B1G;Y;ND;ND;ND;ND;ND;ND;ND;ND;ND;ND;855710.955;962308.739;1144156.379;1301697.302;1508387.651;1684401.899;1920967.312;2140657.097;2500947.51;2872149.953;3398039.123;3920569.153;5052018.417
TR;B1G;V;97991.018;153640.276;220718.383;319950.645;414242.214;510087.759;594883.276;696783.871;787510.233;893612.618;898263.064;1027561.054;1237146.314;1397219.904;1599039.31;1818621.907;2073020.639;2316930.424;2779809.362;3369599.02;3881873.251;4487669.647;6481191.958
TR;B1GQ;Y;ND;ND;ND;ND;ND;ND;ND;ND;ND;ND;955986.323;1091180.541;1298444.192;1472202.471;1715680.686;1913499.431;2179927.817;2429065.104;2823604.153;3227085.059;3788227.861;4395381.772;5621369.551
TR;B1GQ;V;107374.258;171494.21;247266.207;362109.648;472171.775;582852.799;680275.847;795757.109;887714.414;1002756.496;1006372.482;1167664.479;1404927.615;1581479.251;1823427.315;2054897.828;2350941.343;2626559.71;3133704.267;3758773.727;4311732.766;5048220.067;7248788.983
TR;D21X31;Y;ND;ND;ND;ND;ND;ND;ND;ND;ND;ND;100275.368;128871.801;154287.814;170505.17;207293.035;229097.532;258960.505;288408.007;322656.643;354935.105;390188.738;474812.619;569351.134
TR;D21X31;V;9383.24;17853.934;26547.824;42159.002;57929.561;72765.04;85392.571;98973.238;100204.181;109143.879;108109.417;140103.425;167781.301;184259.347;224388.005;236275.921;277920.704;309629.285;353894.906;389174.707;429859.515;560550.42;767597.025
XK;B1G;Y;ND;ND;ND;ND;ND;ND;ND;ND;ND;ND;3119.76;3134.7;3468.14;3747.99;4163.83;4304.24;4624.5;4832.44;5098.14;5301.16;5635.49;5492.58;6025.91
XK;B1G;V;ND;ND;ND;ND;ND;ND;ND;ND;ND;2945.6;2999.61;3319.77;3690.36;3910.91;4179.6;4359.1;4611.01;4847.19;5105.98;5379.78;5698.62;5590.53;6385.77
XK;B1GQ;Y;ND;ND;ND;ND;ND;ND;ND;ND;ND;ND;3715.71;3788.78;4285.74;4633.91;5053.47;5241.18;5640.16;5990.58;6328.61;6572.99;6988.88;6679.35;7499.25
XK;B1GQ;V;ND;ND;ND;ND;ND;ND;ND;ND;ND;3537.6;3610.44;4030.99;4555.89;4797.26;5071.32;5325.09;5674.41;6037.27;6356.46;6671.51;7056.16;6771.6;7957.88
XK;D21X31;Y;ND;ND;ND;ND;ND;ND;ND;ND;ND;ND;595.95;654.08;817.6;885.92;889.64;936.94;1015.66;1158.14;1230.47;1271.83;1353.39;1186.77;1473.34
XK;D21X31;V;ND;ND;ND;ND;ND;ND;ND;ND;ND;592;610.83;711.22;865.53;886.35;891.72;965.99;1063.4;1190.08;1250.48;1291.73;1357.54;1181.07;1572.11
